Department,Organisation,Check Date,Expense type,Supplier,Invoice number,Invoice Amount,Postcode
DFI,Department for Infrastructure,01/07/2026,C - Contract Other Services,GIBSON QUARRIES,SIN007616,"£336,631.50",BT32 4ES
DFI,Department for Infrastructure,01/07/2026,C - Contract Other Services,LAGAN SPECIALIST UTILITIES LTD,27020003/TAX,"£214,628.92",BT3 9HA
DFI,Department for Infrastructure,01/07/2026,Cost Pass-Through Control,YUNEX LTD,7200022578,"£200,735.83",BH17 7ER
DFI,Department for Infrastructure,01/07/2026,Cost Pass-Through Control,COLAS (NI),38660,"£180,235.07",BT24 8AE
DFI,Department for Infrastructure,01/07/2026,C - Contract Other Services,WHITEMOUNTAIN QUARRIES LTD,26860,"£119,366.10",BT36 4TZ
DFI,Department for Infrastructure,01/07/2026,P - Contract Roads,BRIDGEPOINT ROAD MARKING,17423,"£66,489.17",BT34 3QQ
DFI,Department for Infrastructure,01/07/2026,P - Contract Roads,BRIDGEPOINT ROAD MARKING,17421,"£59,305.34",BT34 3QQ
DFI,Department for Infrastructure,01/07/2026,P - Vehicle/Boat & Plant/Equipment Costs - Maintenance,CIVICA UK LTD,C/HT356696,"£51,266.63",SE1 9LQ
DFI,Department for Infrastructure,01/07/2026,P - Contract Roads,BRIDGEPOINT ROAD MARKING,17422,"£39,604.99",BT34 3QQ
DFI,Department for Infrastructure,01/07/2026,C - Building / Landscaping Materials,NATIONAL VIBRATION MONITORING LTD,26639,"£36,792.90",A92 R625
DFI,Department for Infrastructure,01/07/2026,C - Contract Other Services,FP MCCANN LTD,67208,"£25,449.72",BT45 8QA
DFI,DVA,01/07/2026,P - Medical Fees,3FIVETWO HEALTHCARE,GI14723,"£25,404.00",BT9 5UB
DFI,Department for Infrastructure,01/07/2026,C - Contract Other Services,FP MCCANN LTD,67207,"£25,062.67",BT45 8QA
DFI,Department for Infrastructure,02/07/2026,Subsidies to Public Corporations (Current),TRANSLINK*GRANTEE,ERS-DFI-EF00573782-ERS-1176,"£1,000,000.00",BT2 7LX
DFI,Department for Infrastructure,02/07/2026,Subsidies to the Private sector (Current),DOWN DISTRICT ACCESSIBLE*GRANTEE,ERS-DFI-GRBT309UP-ERS-183,"£96,250.00",BT30 9UP
DFI,Department for Infrastructure,02/07/2026,Subsidies to the Private sector (Current),NEWRY & MOURNE COMM T/PORT*GRANTEE,ERS-DFI-GRBT356DN-ERS-75,"£46,594.00",BT35 6DN
DFI,Department for Infrastructure,02/07/2026,Subsidies to the Private sector (Current),SHOPMOBILITY MID-ULSTER*GRANTEE,ERS-DFI-EF00986292-ERS-1,"£33,856.00",BT71 6JT
DFI,Department for Infrastructure,02/07/2026,Subsidies to the Private sector (Current),LAGAN VALLEY RURAL TRANSPORT*GRANTEE,ERS-DFI-EF00621682-ERS-110,"£32,500.00",BT28 2RE
DFI,Department for Infrastructure,03/07/2026,Cost Pass-Through Control,FP MCCANN LTD,67258,"£495,423.00",BT45 8QA
DFI,Department for Infrastructure,03/07/2026,Grant in aid to NDPB's,WATERWAYS IRELAND*GRANTEE,ERS-DFI-INT413964-ERS-176,"£431,420.00",BT74 7JY
DFI,Department for Infrastructure,03/07/2026,Grants to Public Corporations(PCs) (Capital),TRANSLINK*GRANTEE,ERS-DFI-EF00573765-ERS-959,"£252,877.00",BT3 9BG
DFI,Department for Infrastructure,03/07/2026,Cost Pass-Through Control,WHITEMOUNTAIN QUARRIES LTD,26873,"£217,470.59",BT36 4TZ
DFI,Department for Infrastructure,03/07/2026,Grants to Public Corporations(PCs) (Capital),TRANSLINK*GRANTEE,ERS-DFI-EF00573784-ERS-968,"£192,858.00",BT2 7LX
DFI,Department for Infrastructure,03/07/2026,C - Contract Other Services,LAGAN SPECIALIST UTILITIES LTD,27030004/TAX,"£135,562.01",BT3 9HA
DFI,Department for Infrastructure,03/07/2026,C - Contract Other Services,WHITEMOUNTAIN QUARRIES LTD,26872,"£106,340.12",BT36 4TZ
DFI,Department for Infrastructure,03/07/2026,Subsidies to the Private sector (Current),CDM COMMUNITY TRANSPORT*GRANTEE,ERS-DFI-EF00024010-ERS-200,"£83,910.00",BT80 9LU
DFI,Department for Infrastructure,03/07/2026,P - Contract Roads,M & P BRADLEY LTD,85177,"£76,019.08",BT36 7DJ
DFI,Department for Infrastructure,03/07/2026,P - Contract Roads,NORTHERN ROAD MARKINGS LTD,17328,"£61,736.92",BT51 5TE
DFI,Department for Infrastructure,03/07/2026,Revenue Suspense Account (Deposits),APEX HOUSING ASSOCIATION,EF06244000,"£55,700.00",BT48 6HL
DFI,Department for Infrastructure,03/07/2026,Grants to Public Corporations(PCs) (Capital),TRANSLINK*GRANTEE,ERS-DFI-EF00573782-ERS-1177,"£51,616.00",BT2 7LX
DFI,Department for Infrastructure,03/07/2026,Subsidies to the Private sector (Current),SOUTH ANTRIM COMMUNITY TRANSPORT*GRANTEE,ERS-DFI-GRBT399EBQ-ERS-198,"£49,389.00",BT39 9EB
DFI,Department for Infrastructure,03/07/2026,C - Contract Other Services,M & P BRADLEY LTD,85177,"£44,476.90",BT36 7DJ
DFI,Department for Infrastructure,03/07/2026,Subsidies to the Private sector (Current),OUT & ABOUT*GRANTEE,ERS-DFI-EF00741013-ERS-20,"£44,386.00",BT45 5EY
DFI,Department for Infrastructure,03/07/2026,"Other Creditor (Non-Imprest Deposits, holding deposits, and damage deposits)",ARMAGH CONSTRUCTION LIMITED,EF06244005,"£38,970.00",BT60 2AX
DFI,Department for Infrastructure,03/07/2026,Subsidies to the Private sector (Current),ARMAGH RURAL TRANSPORT LTD*GRANTEE,ERS-DFI-GRBT617NHQ-ERS-60,"£33,004.00",BT61 7NH
DFI,Department for Infrastructure,03/07/2026,P - Interest - Other,ARMAGH CONSTRUCTION LIMITED,EF06244005,"£4,921.70",BT60 2AX
DFI,Department for Infrastructure,06/07/2026,Cost Pass-Through Control,DEPARTMENT OF FINANCE,10087998,"£1,116,771.61",BT1 4NN
DFI,Department for Infrastructure,06/07/2026,Grants to Public Corporations(PCs) (Capital),TRANSLINK*GRANTEE,ERS-DFI-EF00573782-ERS-1181,"£339,236.00",BT2 7LX
DFI,Department for Infrastructure,06/07/2026,Grants to Public Corporations(PCs) (Capital),TRANSLINK*GRANTEE,ERS-DFI-EF00573782-ERS-1182,"£134,192.00",BT2 7LX
DFI,Department for Infrastructure,06/07/2026,Grants to Public Corporations(PCs) (Capital),TRANSLINK*GRANTEE,ERS-DFI-EF00573784-ERS-969,"£121,650.00",BT2 7LX
DFI,Department for Infrastructure,06/07/2026,Grants to Public Corporations(PCs) (Capital),TRANSLINK*GRANTEE,ERS-DFI-EF00573782-ERS-1179,"£107,908.00",BT2 7LX
DFI,Department for Infrastructure,06/07/2026,C - Contract Other Services,LAGAN SPECIALIST UTILITIES LTD,27030018,"£86,047.50",BT3 9HA
DFI,DVA,06/07/2026,P - Legal Costs - fees,DEPARTMENT OF FINANCE,10087993,"£80,878.39",BT1 4NN
DFI,Department for Infrastructure,06/07/2026,C - Managed Services,WSP GROUP,50147461,"£75,718.94",RG21 4HJ
DFI,Department for Infrastructure,06/07/2026,P - Campaign Advertising,WALK WHEEL CYCLE TRUST,270092,"£41,968.79",BS1 5DD
DFI,Department for Infrastructure,06/07/2026,Grants to Public Corporations(PCs) (Capital),TRANSLINK*GRANTEE,ERS-DFI-EF00573782-ERS-1180,"£40,332.00",BT2 7LX
DFI,Department for Infrastructure,06/07/2026,P - Contract Roads,CONTRACT SERVICES DGN LTD,30124,"£38,388.42",BT71 6HR
DFI,Department for Infrastructure,07/07/2026,Subsidies to the Private sector (Current),DISABILITY ACTION*GRANTEE,ERS-DFI-EF00577645-ERS-43,"£589,584.00",BT3 9ED
DFI,Department for Infrastructure,07/07/2026,Cost Pass-Through Control,COLAS (NI),38762,"£195,244.43",BT24 8AE
DFI,Department for Infrastructure,07/07/2026,Cost Pass-Through Control,JOHN MCQUILLAN CONTRACTS LTD,CE-JOB25655-010,"£169,840.39",BT28 2SA
DFI,Department for Infrastructure,07/07/2026,C - Contract Other Services,LAGAN SPECIALIST UTILITIES LTD,27030016,"£158,381.95",BT3 9HA
DFI,Department for Infrastructure,07/07/2026,Cost Pass-Through Control,KEENAN P (CONTRACTOR),020-SDW2,"£149,518.75",BT45 8QE
DFI,Department for Infrastructure,07/07/2026,Subsidies to the Private sector (Current),NORTH COAST COMMUNITY TRANSPORT*GRANTEE,ERS-DFI-GRBT51 3QJ-ERS-199,"£146,875.00",BT51 3QJ
DFI,Department for Infrastructure,07/07/2026,C - Contract Other Services,KEENAN P (CONTRACTOR),0140-SSW2-2023,"£106,577.30",BT45 8QE
DFI,Department for Infrastructure,07/07/2026,Subsidies to the Private sector (Current),FERMANAGH COMMUNITY TRANSPORT*GRANTEE,ERS-DFI-EF00237123-ERS-170,"£105,926.00",BT74 4RL
DFI,Department for Infrastructure,07/07/2026,P - Contract Roads,ROAD SAFETY CONTRACTS LTD,46388,"£34,668.64",BT46 5JG
DFI,Department for Infrastructure,07/07/2026,P - Contract Roads,CONTRACT SERVICES DGN LTD,30125,"£33,639.46",BT71 6HR
DFI,Department for Infrastructure,07/07/2026,C - Contract Other Services,KEENAN P (CONTRACTOR),0138-SSW2-2023,"£29,229.12",BT45 8QE
DFI,Department for Infrastructure,07/07/2026,C - Contract Other Services,FP MCCANN LTD,67286,"£27,149.18",BT45 8QA
DFI,Department for Infrastructure,07/07/2026,P - Contract Roads,LAGAN SPECIALIST UTILITIES LTD,27030016,"£15,934.79",BT3 9HA
DFI,Department for Infrastructure,08/07/2026,P - Contract Roads,HIGHWAY MANAGEMENT (CITY) LIMITED,HMG244A,"£2,669,149.73",SL6 1HN
DFI,Department for Infrastructure,08/07/2026,Cost Pass-Through Control,WHITEMOUNTAIN QUARRIES LTD,26865,"£367,337.48",BT36 4TZ
DFI,Department for Infrastructure,08/07/2026,Cost Pass-Through Control,WHITEMOUNTAIN QUARRIES LTD,26866,"£367,337.48",BT36 4TZ
DFI,Department for Infrastructure,08/07/2026,Cost Pass-Through Control,FP MCCANN LTD,67299,"£136,257.41",BT45 8QA
DFI,Department for Infrastructure,08/07/2026,Cost Pass-Through Control,NORTHSTONE MATERIALS LIMITED,IS260023,"£91,411.94",BT17 9NU
DFI,Department for Infrastructure,08/07/2026,P - Contract Minor Maintenance,FOX BUILDING & CIVIL ENGINEERING LTD,SIN006112,"£42,362.63",BT79 9PU
DFI,Department for Infrastructure,08/07/2026,P - Contract Minor Maintenance,FOX BUILDING & CIVIL ENGINEERING LTD,SIN006111,"£35,596.30",BT79 9PU
DFI,Department for Infrastructure,08/07/2026,P - Contract Roads,GREENTOWN ENVIRONMENTAL LTD,15356,"£30,909.88",BT92 1DE
DFI,Department for Infrastructure,08/07/2026,C - Contract Other Services,NORTHSTONE MATERIALS LIMITED,IS260022,"£25,215.65",BT17 9NU
DFI,Department for Infrastructure,09/07/2026,C - Contract Other Services,FP MCCANN LTD,67309,"£690,629.20",BT45 8QA
DFI,Department for Infrastructure,09/07/2026,C - Contract Other Services,FP MCCANN LTD,67310,"£458,073.35",BT45 8QA
DFI,Department for Infrastructure,09/07/2026,Grants to Public Corporations(PCs) (Capital),TRANSLINK*GRANTEE,ERS-DFI-EF00573765-ERS-960,"£193,977.00",BT3 9BG
DFI,Department for Infrastructure,09/07/2026,P - Contract Roads,PETER FITZPATRICK LTD,6214,"£114,778.03",BT34 5TJ
DFI,Department for Infrastructure,09/07/2026,Fixed Asset Clearing Account,DUNAVERTY LTD*GRANTEE,ERS-DFI-EF00830386-ERS-70,"£88,239.18",BT44 0SG
DFI,Department for Infrastructure,09/07/2026,Grants to Public Corporations(PCs) (Capital),TRANSLINK*GRANTEE,ERS-DFI-EF00573782-ERS-1183,"£79,586.00",BT2 7LX
DFI,DVA,09/07/2026,P - Contracted Out Testing Services,MAHA IRELAND LTD,43443,"£78,260.84",IE
DFI,Department for Infrastructure,09/07/2026,C - Contract Other Services,JOHN MCQUILLAN CONTRACTS LTD,CE-JOB27027-002,"£65,412.02",BT28 2SA
DFI,Department for Infrastructure,09/07/2026,C - Contract Other Services,JOHN MCQUILLAN CONTRACTS LTD,CE-JOB27045-001,"£63,612.56",BT28 2SA
DFI,Department for Infrastructure,09/07/2026,Grants to Public Corporations(PCs) (Capital),TRANSLINK*GRANTEE,ERS-DFI-EF00573780-ERS-443,"£40,451.00",BT2 7LX
DFI,Department for Infrastructure,09/07/2026,C - Contract Other Services,PETER FITZPATRICK LTD,6213,"£20,139.11",BT34 5TJ
DFI,Department for Infrastructure,09/07/2026,P - Contract Roads,PETER FITZPATRICK LTD,6213,"£16,777.61",BT34 5TJ
DFI,Department for Infrastructure,10/07/2026,Subsidies to Public Corporations (Current),TRANSLINK*GRANTEE,ERS-DFI-EF00573782-ERS-1184,"£7,500,000.00",BT2 7LX
DFI,Department for Infrastructure,10/07/2026,Subsidies to Public Corporations (Current),TRANSLINK*GRANTEE,ERS-DFI-EF00573782-ERS-1185,"£7,500,000.00",BT2 7LX
DFI,Department for Infrastructure,10/07/2026,Subsidies to Public Corporations (Current),TRANSLINK*GRANTEE,ERS-DFI-EF00573782-ERS-1187,"£2,373,316.13",BT2 7LX
DFI,Department for Infrastructure,10/07/2026,Cost Pass-Through Control,JOHN MCQUILLAN CONTRACTS LTD,CE-JOB26768-001,"£380,674.80",BT28 2SA
DFI,Department for Infrastructure,10/07/2026,Subsidies to Public Corporations (Current),TRANSLINK*GRANTEE,ERS-DFI-EF00573782-ERS-1186,"£305,373.73",BT2 7LX
DFI,Department for Infrastructure,10/07/2026,Cost Pass-Through Control,JOHN MCQUILLAN CONTRACTS LTD,CE-JOB26752-003,"£253,154.81",BT28 2SA
DFI,Department for Infrastructure,10/07/2026,Grants to Public Corporations(PCs) (Capital),TRANSLINK*GRANTEE,ERS-DFI-EF00573784-ERS-974,"£220,327.00",BT2 7LX
DFI,Department for Infrastructure,10/07/2026,C - Contract Other Services,COLAS (NI),38815,"£149,642.87",BT24 8AE
DFI,Department for Infrastructure,10/07/2026,C - Contract Other Services,COLAS (NI),38816,"£98,952.65",BT24 8AE
DFI,Department for Infrastructure,10/07/2026,P - Contract Roads,COLAS (NI),38817,"£92,382.12",BT24 8AE
DFI,Department for Infrastructure,10/07/2026,C - Contract Other Services,FP MCCANN LTD,67330,"£85,588.54",BT45 8QA
DFI,Department for Infrastructure,10/07/2026,"A - Pay - Temporary, Contract and Agency Staff - Non Industrial",CPL SOLUTIONS INTERNATIONAL LTD,21036542,"£83,414.35",BT1 5EA
DFI,Department for Infrastructure,10/07/2026,C - Contract Other Services,FP MCCANN LTD,67326,"£53,275.67",BT45 8QA
DFI,Department for Infrastructure,10/07/2026,P - Contract Roads,FP MCCANN LTD,67331,"£50,108.87",BT45 8QA
DFI,Department for Infrastructure,10/07/2026,C - Contract Other Services,PETER FITZPATRICK LTD,6230,"£33,234.72",BT34 5TJ
DFI,Department for Infrastructure,10/07/2026,C - Contract Other Services,PETER FITZPATRICK LTD,6226,"£33,027.91",BT34 5TJ
DFI,DVA,10/07/2026,P - Contracted Out Testing Services,CAPITA,6077146118,"£30,190.32",DL1 9HN
DFI,Department for Infrastructure,10/07/2026,C - Managed Services,AECOM LIMITED,28625274,"£29,827.94",AL1 3JX
DFI,Department for Infrastructure,10/07/2026,C - Managed Services,AECOM LIMITED,28626568,"£28,747.33",AL1 3JX
DFI,Department for Infrastructure,15/07/2026,Subsidies to Public Corporations (Current),TRANSLINK*GRANTEE,ERS-DFI-EF00573782-ERS-1190,"£1,693,602.66",BT2 7LX
DFI,Department for Infrastructure,15/07/2026,Subsidies to Public Corporations (Current),TRANSLINK*GRANTEE,ERS-DFI-EF00573782-ERS-1189,"£1,015,576.50",BT2 7LX
DFI,Department for Infrastructure,15/07/2026,Cost Pass-Through Control,JOHN MCQUILLAN CONTRACTS LTD,CE-JOB26767-001,"£557,902.49",BT28 2SA
DFI,Department for Infrastructure,15/07/2026,"Other Creditor (Non-Imprest Deposits, holding deposits, and damage deposits)",MEALOUGH DEVELOPMENTS LLP,EF06244521,"£93,200.00",BT1 3BG
DFI,Department for Infrastructure,15/07/2026,Grants to Public Corporations(PCs) (Capital),TRANSLINK*GRANTEE,ERS-DFI-EF00573782-ERS-1188,"£92,040.00",BT2 7LX
DFI,Department for Infrastructure,15/07/2026,C - Contract Other Services,KEENAN P (CONTRACTOR),0139-SSW2-2023,"£69,407.37",BT45 8QE
DFI,Department for Infrastructure,15/07/2026,Fixed Asset Clearing Account,NI TRUCKS LTD,50014590,"£55,800.00",BT36 4PP
DFI,Department for Infrastructure,15/07/2026,Fixed Asset Clearing Account,NI TRUCKS LTD,50014591,"£55,800.00",BT36 4PP
DFI,Department for Infrastructure,15/07/2026,"Other Creditor (Non-Imprest Deposits, holding deposits, and damage deposits)",MAGHERALAVE DEPARTMENTS LIMITED,EF06244516,"£41,600.00",BT27 5TX
DFI,Department for Infrastructure,15/07/2026,P - Contract Roads,PETER FITZPATRICK LTD,6218,"£36,443.95",BT34 5TJ
DFI,Department for Infrastructure,15/07/2026,"Other Creditor (Non-Imprest Deposits, holding deposits, and damage deposits)",MAGHERALAVE DEPARTMENTS LIMITED,EF06244522,"£33,370.00",BT27 5TX
DFI,Department for Infrastructure,15/07/2026,P - Contract Roads,PETER FITZPATRICK LTD,6219,"£29,234.74",BT34 5TJ
DFI,Department for Infrastructure,15/07/2026,P - Contract Roads,KEENAN P (CONTRACTOR),0139-SSW2-2023,"£23,307.46",BT45 8QE
DFI,Department for Infrastructure,15/07/2026,P - Interest - Other,MAGHERALAVE DEPARTMENTS LIMITED,EF06244516,"£5,675.55",BT27 5TX
DFI,Department for Infrastructure,15/07/2026,P - Interest - Other,MEALOUGH DEVELOPMENTS LLP,EF06244521,"£4,746.83",BT1 3BG
DFI,Department for Infrastructure,15/07/2026,P - Interest - Other,MAGHERALAVE DEPARTMENTS LIMITED,EF06244522,"£4,558.21",BT27 5TX
DFI,Department for Infrastructure,16/07/2026,Grants to Public Corporations(PCs) (Capital),TRANSLINK*GRANTEE,ERS-DFI-EF00573765-ERS-961,"£1,125,516.00",BT3 9BG
DFI,Department for Infrastructure,16/07/2026,Grants to Public Corporations(PCs) (Capital),TRANSLINK*GRANTEE,ERS-DFI-EF00573782-ERS-1191,"£344,338.00",BT2 7LX
DFI,Department for Infrastructure,16/07/2026,Cost Pass-Through Control,M & P BRADLEY LTD,85231,"£199,362.52",BT36 7DJ
DFI,Department for Infrastructure,16/07/2026,Cost Pass-Through Control,WSP GROUP,50149014,"£187,179.14",RG21 4HJ
DFI,Department for Infrastructure,16/07/2026,C - Contract Other Services,FP MCCANN LTD,67377,"£140,773.49",BT45 8QA
DFI,Department for Infrastructure,16/07/2026,Cost Pass-Through Control,M & P BRADLEY LTD,85232,"£119,272.55",BT36 7DJ
DFI,Department for Infrastructure,16/07/2026,Fixed Asset Clearing Account,MCCAULEY TRAILERS LTD,25299,"£83,400.00",BT41 3RB
DFI,Department for Infrastructure,16/07/2026,P - Other,DEPARTMENT OF FINANCE,02654167-11052026,"£70,881.39",BT1 3LP
DFI,Department for Infrastructure,16/07/2026,Cost Pass-Through Control,M & P BRADLEY LTD,85233,"£63,883.02",BT36 7DJ
DFI,Department for Infrastructure,16/07/2026,C - Contract Other Services,JOHN MCQUILLAN CONTRACTS LTD,CE-JOB26753-003,"£55,509.31",BT28 2SA
DFI,Department for Infrastructure,17/07/2026,P - Contract Roads,AMEY ROADS NI LIMITED,RINV/150,"£5,166,310.64",CM1 1JR
DFI,Department for Infrastructure,17/07/2026,Grants to Public Corporations(PCs) (Capital),TRANSLINK*GRANTEE,ERS-DFI-EF00573782-ERS-1192,"£958,418.00",BT2 7LX
DFI,Department for Infrastructure,17/07/2026,Grants to Public Corporations(PCs) (Capital),TRANSLINK*GRANTEE,ERS-DFI-EF00573782-ERS-1195,"£488,460.00",BT2 7LX
DFI,Department for Infrastructure,17/07/2026,Grants to Public Corporations(PCs) (Capital),TRANSLINK*GRANTEE,ERS-DFI-EF00573784-ERS-976,"£357,095.00",BT2 7LX
DFI,Department for Infrastructure,17/07/2026,C - Contract Other Services,JOHN MCQUILLAN CONTRACTS LTD,CE-JOB26753-004,"£282,406.51",BT28 2SA
DFI,Department for Infrastructure,17/07/2026,Grants to Public Corporations(PCs) (Capital),TRANSLINK*GRANTEE,ERS-DFI-EF00573765-ERS-962,"£275,000.00",BT3 9BG
DFI,Department for Infrastructure,17/07/2026,Grants to Public Corporations(PCs) (Capital),TRANSLINK*GRANTEE,ERS-DFI-EF00573782-ERS-1196,"£265,511.00",BT2 7LX
DFI,Department for Infrastructure,17/07/2026,Grants to Public Corporations(PCs) (Capital),TRANSLINK*GRANTEE,ERS-DFI-EF00573765-ERS-963,"£242,500.00",BT3 9BG
DFI,Department for Infrastructure,17/07/2026,Subsidies to Public Corporations (Current),TRANSLINK*GRANTEE,ERS-DFI-EF00573782-ERS-1194,"£51,058.03",BT2 7LX
DFI,Department for Infrastructure,17/07/2026,Cost Pass-Through Control,WHITEMOUNTAIN QUARRIES LTD,26886,"£43,275.98",BT36 4TZ
DFI,Department for Infrastructure,17/07/2026,Grants to Public Corporations(PCs) (Capital),TRANSLINK*GRANTEE,ERS-DFI-EF00573782-ERS-1193,"£40,600.00",BT2 7LX
DFI,Department for Infrastructure,17/07/2026,C - Contract Other Services,JOHN MCQUILLAN CONTRACTS LTD,CE-JOB26770-002,"£30,958.75",BT28 2SA
DFI,Department for Infrastructure,20/07/2026,Grants to Public Corporations(PCs) (Capital),TRANSLINK*GRANTEE,ERS-DFI-EF00573782-ERS-1198,"£1,136,208.00",BT2 7LX
DFI,Department for Infrastructure,20/07/2026,Grants to Public Corporations(PCs) (Capital),TRANSLINK*GRANTEE,ERS-DFI-EF00573782-ERS-1197,"£1,038,617.00",BT2 7LX
DFI,Department for Infrastructure,20/07/2026,C - Contract Other Services,JOHN MCQUILLAN CONTRACTS LTD,CE-JOB26613-011,"£366,244.20",BT28 2SA
DFI,Department for Infrastructure,20/07/2026,Grants to Public Corporations(PCs) (Capital),COLERAINE HARBOUR COMMISSIONERS*GRANTEE,ERS-DFI-EF00964990-ERS-5,"£351,763.96",BT52 1XA
DFI,Department for Infrastructure,20/07/2026,Fixed Asset Clearing Account,DENNISON COMMERCIALS LTD,60024511,"£151,200.00",BT39 9DS
DFI,Department for Infrastructure,20/07/2026,P - Contract Roads,ROAD SAFETY CONTRACTS LTD,46432,"£115,719.08",BT46 5JG
DFI,DVA,20/07/2026,P - Contracted Out Testing Services,MAHA IRELAND LTD,43446,"£86,992.63",IE
DFI,Department for Infrastructure,20/07/2026,Cost Pass-Through Control,FP MCCANN LTD,67127,"£77,969.87",BT45 8QA
DFI,Department for Infrastructure,20/07/2026,Cost Pass-Through Control,FP MCCANN LTD,67129,"£73,141.37",BT45 8QA
DFI,Department for Infrastructure,20/07/2026,C - Contract Other Services,PETER FITZPATRICK LTD,6234,"£68,260.39",BT34 5TJ
DFI,Department for Infrastructure,20/07/2026,C - Contract Other Services,PETER FITZPATRICK LTD,6228,"£67,149.67",BT34 5TJ
DFI,Department for Infrastructure,20/07/2026,C - Contract Other Services,PETER FITZPATRICK LTD,6231,"£65,352.83",BT34 5TJ
DFI,Department for Infrastructure,20/07/2026,C - Contract Other Services,FOX BUILDING & CIVIL ENGINEERING LTD,SIN006128,"£59,793.89",BT79 9PU
DFI,Department for Infrastructure,20/07/2026,Cost Pass-Through Control,FP MCCANN LTD,67128,"£58,967.72",BT45 8QA
DFI,Department for Infrastructure,20/07/2026,Grants to Public Corporations(PCs) (Capital),TRANSLINK*GRANTEE,ERS-DFI-EF00573782-ERS-1199,"£42,911.00",BT2 7LX
DFI,Department for Infrastructure,20/07/2026,C - Contract Other Services,PETER FITZPATRICK LTD,6233,"£41,494.07",BT34 5TJ
DFI,Department for Infrastructure,20/07/2026,Fixed Asset Clearing Account,DENNISON COMMERCIALS LTD,60024648,"£36,540.00",BT39 9DS
DFI,Department for Infrastructure,20/07/2026,P - Contract Roads,ROAD SAFETY CONTRACTS LTD,46435,"£34,952.18",BT46 5JG
DFI,Department for Infrastructure,20/07/2026,C - Managed Services,AMEY OW LTD,90989794,"£29,433.00",L19 2PH
DFI,Department for Infrastructure,20/07/2026,C - Contract Other Services,PETER FITZPATRICK LTD,6232,"£29,397.44",BT34 5TJ
DFI,Department for Infrastructure,20/07/2026,C - Contract Other Services,PETER FITZPATRICK LTD,6229,"£29,004.97",BT34 5TJ
DFI,Department for Infrastructure,20/07/2026,P - Contract Roads,ALLIED PUBLICITY SERVICES LTD,C104867,"£26,978.58",SK3 0ZP
DFI,Department for Infrastructure,21/07/2026,C - Contract Other Services,AMELIO UTILITIES LTD,14042,"£86,936.41",BT11 8BU
DFI,Department for Infrastructure,21/07/2026,Grants to Public Corporations(PCs) (Capital),TRANSLINK*GRANTEE,ERS-DFI-EF00573782-ERS-1203,"£1,895,785.00",BT2 7LX
DFI,Department for Infrastructure,21/07/2026,Grants to Public Corporations(PCs) (Capital),TRANSLINK*GRANTEE,ERS-DFI-EF00573782-ERS-1200,"£966,016.00",BT2 7LX
DFI,Department for Infrastructure,21/07/2026,Grants to Public Corporations(PCs) (Capital),TRANSLINK*GRANTEE,ERS-DFI-EF00573782-ERS-1201,"£101,706.00",BT2 7LX
DFI,Department for Infrastructure,21/07/2026,C - Managed Services,TETRA TECH CONSULTING LTD,30211093,"£66,520.46",OX14 4RY
DFI,DVA,21/07/2026,Fixed Asset Clearing Account,MAHA IRELAND LTD,43555,"£63,905.03",IE
DFI,Department for Infrastructure,21/07/2026,C - Contract Other Services,YUNEX LTD,7200023476,"£52,291.57",BH17 7ER
DFI,Department for Infrastructure,21/07/2026,C - Contract Other Services,YUNEX LTD,7200023479,"£48,620.29",BH17 7ER
DFI,Department for Infrastructure,21/07/2026,A - Managed Services - Technical,ATKINS REALIS UK LTD,50106469,"£40,317.52",WR5 1TX
DFI,Department for Infrastructure,21/07/2026,A - Campaign Advertising,ARDMORE ADVERTISING LIMITED,033536,"£39,864.00",BT18 9JQ
DFI,Department for Infrastructure,21/07/2026,Cost Pass-Through Control,YUNEX LTD,7200023472,"£33,045.36",BH17 7ER
DFI,Department for Infrastructure,21/07/2026,Grants to Public Corporations(PCs) (Capital),TRANSLINK*GRANTEE,ERS-DFI-EF00573765-ERS-965,"£29,559.00",BT3 9BG
DFI,Department for Infrastructure,21/07/2026,Cost Pass-Through Control,YUNEX LTD,7200023475,"£29,165.35",BH17 7ER
DFI,DVA,21/07/2026,P - Credit Card Transaction Costs,WORLDPAY (UK) LTD,37886728-JUN2026,"£26,901.16",NE11 0EL
DFI,Department for Infrastructure,21/07/2026,A - Service Charges - Property,DEPARTMENT FOR INFRASTRUCTURE,DVA2627012,"£25,299.73",BT1 4NN
DFI,Department for Infrastructure,22/07/2026,P - Contract Roads,GREENTOWN ENVIRONMENTAL LTD,15433,"£153,077.40",BT92 1DE
DFI,Department for Infrastructure,22/07/2026,P - Contract Roads,FP MCCANN LTD,67436,"£94,021.66",BT45 8QA
DFI,Department for Infrastructure,22/07/2026,C - Contract Other Services,COLAS (NI),38830,"£81,398.86",BT24 8AE
DFI,Department for Infrastructure,22/07/2026,C - Contract Other Services,FP MCCANN LTD,67439,"£68,552.65",BT45 8QA
DFI,Department for Infrastructure,22/07/2026,P - Contract Roads,GREENTOWN ENVIRONMENTAL LTD,15434,"£62,807.76",BT92 1DE
DFI,Department for Infrastructure,22/07/2026,P - Contract Roads,COLAS (NI),38830,"£59,376.84",BT24 8AE
DFI,Department for Infrastructure,22/07/2026,P - Software Maintenance - Contract,CIVICA UK LTD,C/MM358657,"£57,075.00",SE1 9LQ
DFI,Department for Infrastructure,22/07/2026,C - Managed Services,AECOM LIMITED,28628116,"£51,560.17",AL1 3JX
DFI,Department for Infrastructure,22/07/2026,C - Contract Other Services,PETER FITZPATRICK LTD,6245,"£48,927.77",BT34 5TJ
DFI,Department for Infrastructure,22/07/2026,P - Contract Roads,FP MCCANN LTD,67434,"£39,227.30",BT45 8QA
DFI,DVA,22/07/2026,P - Medical Fees,3FIVETWO HEALTHCARE,GI15128,"£37,943.00",BT9 5UB
DFI,Department for Infrastructure,22/07/2026,Subsidies to the Private sector (Current),DOWN ARMAGH RURAL TRANSPORT*GRANTEE,ERS-DFI-EF00265292-ERS-92,"£35,000.00",BT63 5ZF
DFI,Department for Infrastructure,22/07/2026,P - Contract Roads,MID ULSTER DISTRICT COUNCIL,19808,"£29,891.06",BT45 6EN
DFI,Department for Infrastructure,22/07/2026,P - Contract Roads,FP MCCANN LTD,67438,"£27,622.38",BT45 8QA
DFI,Department for Infrastructure,23/07/2026,P - Contract Roads,APCOA PARKING UK LIMITED,335481,"£766,269.10",UB81HE
DFI,Department for Infrastructure,23/07/2026,C - Managed Services,WSP GROUP,50150464,"£492,093.84",RG21 4HJ
DFI,Department for Infrastructure,23/07/2026,Cost Pass-Through Control,FP MCCANN LTD,67300,"£319,722.96",BT45 8QA
DFI,Department for Infrastructure,23/07/2026,Cost Pass-Through Control,KEENAN P (CONTRACTOR),047-T-1118-03,"£145,948.92",BT45 8QE
DFI,Department for Infrastructure,23/07/2026,P - Contract Other Services,DRIVER & VEHICLE STANDARDS AGENCY,9322936166,"£76,657.38",SA7 0EA
DFI,Department for Infrastructure,23/07/2026,Fixed Asset Clearing Account,WHITEMOUNTAIN QUARRIES LTD,26453/54,"£53,023.42",BT36 4TZ
DFI,Department for Infrastructure,23/07/2026,P - Contract Roads,PETER FITZPATRICK LTD,6249,"£52,578.07",BT34 5TJ
DFI,Department for Infrastructure,23/07/2026,C - Managed Services,WSP GROUP,50148628,"£52,203.96",RG21 4HJ
DFI,Department for Infrastructure,23/07/2026,P - Contract Roads,FP MCCANN LTD,67435,"£49,058.57",BT45 8QA
DFI,Department for Infrastructure,23/07/2026,C - Contract Other Services,NORTHSTONE MATERIALS LIMITED,IE260198,"£37,415.44",BT17 9NU
DFI,Department for Infrastructure,24/07/2026,Grants to Public Corporations(PCs) (Capital),TRANSLINK*GRANTEE,ERS-DFI-EF00573765-ERS-967,"£3,272,020.00",BT3 9BG
DFI,Department for Infrastructure,24/07/2026,Cost Pass-Through Control,DEPARTMENT OF FINANCE,40048974,"£890,000.00",BT1 4NN
DFI,Department for Infrastructure,24/07/2026,Grants to Public Corporations(PCs) (Capital),TRANSLINK*GRANTEE,ERS-DFI-EF00573765-ERS-968,"£359,726.00",BT3 9BG
DFI,Department for Infrastructure,24/07/2026,Cost Pass-Through Control,SHANNON ROADMARKINGS LTD,BNJUN2026,"£178,118.10",BT11 9NP
DFI,DVA,24/07/2026,P - Contract Other Services,DRIVER AND VEHICLE LICENSING AGENCY,9321985177,"£69,427.96",SA7 0EA
DFI,Department for Infrastructure,24/07/2026,C - Contract Other Services,MID ULSTER DISTRICT COUNCIL,19772,"£60,000.00",BT45 6EN
DFI,Department for Infrastructure,24/07/2026,C - Managed Services,ATKINS REALIS UK LTD,50105569,"£39,954.71",WR5 1TX
DFI,Department for Infrastructure,24/07/2026,P - Procurement Costs,DEPARTMENT OF FINANCE,10088106,"£28,995.68",BT1 4NN
DFI,Department for Infrastructure,24/07/2026,C - Contract Other Services,FP MCCANN LTD,67464,"£25,674.98",BT45 8QA
DFI,Department for Infrastructure,24/07/2026,A - Managed Services - Technical,ATKINS REALIS UK LTD,50107412,"£25,041.45",WR5 1TX
DFI,Department for Infrastructure,27/07/2026,Cost Pass-Through Control,KEENAN P (CONTRACTOR),012-W1-2025,"£377,559.28",BT45 8QE
DFI,Department for Infrastructure,27/07/2026,C - Managed Services,ATKINS REALIS UK LTD,50107965,"£256,703.68",WR5 1TX
DFI,Department for Infrastructure,27/07/2026,P - Contract Roads,FP MCCANN LTD,67516,"£243,810.64",BT45 8QA
DFI,Department for Infrastructure,27/07/2026,C - Contract Other Services,FP MCCANN LTD,67506,"£206,647.63",BT45 8QA
DFI,Department for Infrastructure,27/07/2026,C - Contract Other Services,KEENAN P (CONTRACTOR),131-SSN1-2023,"£203,300.10",BT45 8QE
DFI,Department for Infrastructure,27/07/2026,P - Contract Roads,PETER FITZPATRICK LTD,6106,"£165,956.85",BT34 5TJ
DFI,Department for Infrastructure,27/07/2026,P - Contract Roads,PETER FITZPATRICK LTD,6254,"£43,922.16",BT34 5TJ
DFI,Department for Infrastructure,27/07/2026,C - Contract Other Services,KEENAN P (CONTRACTOR),132-SSN1-2023,"£40,052.51",BT45 8QE
DFI,Department for Infrastructure,27/07/2026,C - Contract Other Services,FP MCCANN LTD,67518,"£25,563.42",BT45 8QA
DFI,Department for Infrastructure,27/07/2026,C - Contract Other Services,PETER FITZPATRICK LTD,6106,"£6,378.17",BT34 5TJ
DFI,Department for Infrastructure,28/07/2026,Cost Pass-Through Control,KEENAN P (CONTRACTOR),021-SDW2,"£331,906.91",BT45 8QE
DFI,Department for Infrastructure,28/07/2026,P - Contract Other Services,DRIVER & VEHICLE STANDARDS AGENCY,9322935632,"£143,930.40",SA7 0EA
DFI,Department for Infrastructure,28/07/2026,C - Contract Other Services,KEENAN P (CONTRACTOR),1087-SSW-2016,"£81,787.78",BT45 8QE
DFI,Department for Infrastructure,28/07/2026,C - Contract Other Services,KEENAN P (CONTRACTOR),134-SSN1-2023,"£67,136.89",BT45 8QE
DFI,Department for Infrastructure,28/07/2026,P - Contract Minor Maintenance,WHITEMOUNTAIN QUARRIES LTD,26891,"£60,954.24",BT36 4TZ
DFI,Department for Infrastructure,28/07/2026,P - Contract Roads,PETER FITZPATRICK LTD,6240,"£50,373.16",BT34 5TJ
DFI,Department for Infrastructure,28/07/2026,P - Contract Roads,GREENTOWN ENVIRONMENTAL LTD,14493,"£46,401.60",BT92 1DE
DFI,Department for Infrastructure,28/07/2026,P - Contract Other Services,DRIVER & VEHICLE STANDARDS AGENCY,9322937084,"£43,928.52",SA7 0EA
DFI,Department for Infrastructure,28/07/2026,P - Contract Roads,PETER FITZPATRICK LTD,6237,"£31,508.63",BT34 5TJ
DFI,Department for Infrastructure,28/07/2026,P - Contract Roads,PETER FITZPATRICK LTD,6282,"£31,145.80",BT34 5TJ
DFI,Department for Infrastructure,28/07/2026,P - Contract Roads,PETER FITZPATRICK LTD,6239,"£30,105.71",BT34 5TJ
DFI,Department for Infrastructure,28/07/2026,P - Contract Roads,PETER FITZPATRICK LTD,6281,"£27,522.25",BT34 5TJ
DFI,Department for Infrastructure,28/07/2026,"Other Creditor (Non-Imprest Deposits, holding deposits, and damage deposits)",DCD 19 LIMITED,EF06245257,"£23,800.00",BT71 7SG
DFI,Department for Infrastructure,28/07/2026,C - Contract Other Services,PETER FITZPATRICK LTD,6240,"£8,391.37",BT34 5TJ
DFI,Department for Infrastructure,28/07/2026,P - Interest - Other,DCD 19 LIMITED,EF06245257,"£2,186.01",BT71 7SG
DFI,Department for Infrastructure,29/07/2026,Cost Pass-Through Control,POWER NI,7980499,"£810,141.36",BT9 5NF
DFI,Department for Infrastructure,29/07/2026,Grants to Public Corporations(PCs) (Capital),TRANSLINK*GRANTEE,ERS-DFI-EF00573782-ERS-1205,"£519,863.00",BT2 7LX
DFI,Department for Infrastructure,29/07/2026,Grants to Public Corporations(PCs) (Capital),TRANSLINK*GRANTEE,ERS-DFI-EF00573782-ERS-1204,"£430,038.00",BT2 7LX
DFI,Department for Infrastructure,29/07/2026,Cost Pass-Through Control,AMEY OW LTD,90990889,"£401,540.87",L19 2PH
DFI,DVA,29/07/2026,P - Contracted Out Testing Services,DRIVER & VEHICLE STANDARDS AGENCY,9323030090,"£249,565.66",SA7 0EA
DFI,Department for Infrastructure,29/07/2026,Cost Pass-Through Control,LAGAN SPECIALIST UTILITIES LTD,27030014,"£235,732.57",BT3 9HA
DFI,Department for Infrastructure,29/07/2026,Cost Pass-Through Control,COLAS (NI),39006,"£220,547.35",BT24 8AE
DFI,Department for Infrastructure,29/07/2026,Cost Pass-Through Control,LAGAN SPECIALIST UTILITIES LTD,27030015,"£212,379.90",BT3 9HA
DFI,Department for Infrastructure,29/07/2026,Grants to Public Corporations(PCs) (Capital),TRANSLINK*GRANTEE,ERS-DFI-EF00573784-ERS-978,"£186,250.00",BT2 7LX
DFI,Department for Infrastructure,29/07/2026,Cost Pass-Through Control,FP MCCANN LTD,67229,"£166,066.55",BT45 8QA
DFI,Department for Infrastructure,29/07/2026,C - Managed Services,AECOM LIMITED,28628416,"£67,993.42",AL1 3JX
DFI,Department for Infrastructure,29/07/2026,Cost Pass-Through Control,LAGAN SPECIALIST UTILITIES LTD,27030013,"£63,252.79",BT3 9HA
DFI,Department for Infrastructure,29/07/2026,"Other Creditor (Non-Imprest Deposits, holding deposits, and damage deposits)",CASTLELODGE HOMES LTD,EF06245286,"£52,760.00",BT45 6ED
DFI,Department for Infrastructure,29/07/2026,C - Contract Other Services,LAGAN SPECIALIST UTILITIES LTD,27040004,"£45,344.60",BT3 9HA
DFI,Department for Infrastructure,29/07/2026,C - Bitumen / Emulsion,PETER FITZPATRICK LTD,6278,"£43,526.04",BT34 5TJ
DFI,Department for Infrastructure,29/07/2026,C - Bitumen / Emulsion,PETER FITZPATRICK LTD,6277,"£34,806.44",BT34 5TJ
DFI,Department for Infrastructure,29/07/2026,C - Bitumen / Emulsion,PETER FITZPATRICK LTD,6279,"£28,188.95",BT34 5TJ
DFI,DVA,29/07/2026,P - Medical Fees,DISABILITY ACTION,DA020764,"£28,050.00",BT3 9ED
DFI,Department for Infrastructure,29/07/2026,C - Contract Other Services,COLAS (NI),38927-RS,"£26,677.98",BT24 8AE
DFI,Department for Infrastructure,29/07/2026,C - Dry Stone,PETER FITZPATRICK LTD,6256,"£26,482.91",BT34 5TJ
DFI,Department for Infrastructure,29/07/2026,P - Contract Roads,COLAS (NI),38927-RS,"£4,252.40",BT24 8AE
DFI,Department for Infrastructure,29/07/2026,P - Interest - Other,CASTLELODGE HOMES LTD,EF06245286,"£3,692.75",BT45 6ED
DFI,Department for Infrastructure,30/07/2026,C - Contract Other Services,WHITEMOUNTAIN QUARRIES LTD,26901,"£417,064.54",BT36 4TZ
DFI,Department for Infrastructure,30/07/2026,C - Managed Services,JACOBS UK LIMITED,DFI00001-12,"£222,726.94",BT1 4PB
DFI,DVA,30/07/2026,P - Software Maintenance - Contract,FUJITSU SERVICES LTD,1030052003,"£181,418.74",WA3 6GD
DFI,Department for Infrastructure,30/07/2026,Cost Pass-Through Control,JOHN MCQUILLAN CONTRACTS LTD,CE-JOB26686-005,"£102,891.78",BT28 2SA
DFI,Department for Infrastructure,30/07/2026,C - Contract Other Services,NORTHSTONE MATERIALS LIMITED,IE260201,"£93,126.34",BT17 9NU
DFI,Department for Infrastructure,30/07/2026,P - Contract Roads,JOHN MCQUILLAN CONTRACTS LTD,JMQ-SI00181,"£92,339.92",BT28 2SA
DFI,Department for Infrastructure,30/07/2026,C - Contract Other Services,FOX BUILDING & CIVIL ENGINEERING LTD,SIN006124,"£84,258.17",BT79 9PU
DFI,Department for Infrastructure,30/07/2026,P - Contract Roads,BRIDGEPOINT ROAD MARKING,17434,"£64,617.89",BT34 3QQ
DFI,Department for Infrastructure,30/07/2026,C - Managed Services,AECOM LIMITED,28629293,"£51,134.51",AL1 3JX
DFI,Department for Infrastructure,30/07/2026,Fixed Asset Clearing Account,JACOBS UK LIMITED,B24505AL-011,"£47,835.59",BT1 4PB
DFI,Department for Infrastructure,30/07/2026,P - Contract Roads,WHITEMOUNTAIN QUARRIES LTD,26902,"£46,164.83",BT36 4TZ
DFI,Department for Infrastructure,30/07/2026,C - Managed Services,AECOM LIMITED,28629282,"£44,008.52",RG21 7PP
DFI,Department for Infrastructure,30/07/2026,"Other Creditor (Non-Imprest Deposits, holding deposits, and damage deposits)",ACORN DEVELOPMENTS,EF06245402,"£29,400.00",BT7 3JE
DFI,Department for Infrastructure,30/07/2026,P - Contract Roads,CONTRACT SERVICES DGN LTD,30119,"£28,091.46",BT71 6HR
DFI,Department for Infrastructure,30/07/2026,C - Contract Other Services,COLAS (NI),39012,"£21,615.79",BT24 8AE
DFI,Department for Infrastructure,30/07/2026,P - Contract Roads,COLAS (NI),39012,"£3,811.74",BT24 8AE
DFI,Department for Infrastructure,30/07/2026,P - Interest - Other,ACORN DEVELOPMENTS,EF06245402,"£3,746.49",BT7 3JE
DFI,Department for Infrastructure,31/07/2026,C - Contract Other Services,FP MCCANN LTD,67598,"£875,665.49",BT45 8QA
DFI,Department for Infrastructure,31/07/2026,C - Contract Other Services,KEENAN P (CONTRACTOR),041-SDN1-2016,"£726,689.44",BT45 8QE
DFI,DVA,31/07/2026,Fixed Asset Clearing Account,HENRY BROTHERS LIMITED,ERS-DFI-EF00894627-ERS-23,"£365,584.57",BT45 6HJ
DFI,Department for Infrastructure,31/07/2026,C - Contract Other Services,PETER FITZPATRICK LTD,6271,"£198,877.61",BT34 5TJ
DFI,Department for Infrastructure,31/07/2026,Cost Pass-Through Control,FP MCCANN LTD,67595,"£180,122.83",BT45 8QA
DFI,Department for Infrastructure,31/07/2026,C - Contract Other Services,HIGHWAY BARRIER SOLUTIONS LTD,SI_HBS000929,"£135,891.47",BT8 6SA
DFI,DVA,31/07/2026,P - Contracted Out Testing Services,MAHA IRELAND LTD,43615,"£78,260.84",IE
DFI,Department for Infrastructure,31/07/2026,P - Contract Roads,JOHN MCQUILLAN CONTRACTS LTD,JMQ-SI00182,"£67,027.90",BT28 2SA
DFI,Department for Infrastructure,31/07/2026,Cost Pass-Through Control,FP MCCANN LTD,67597,"£66,557.44",BT45 8QA
DFI,Department for Infrastructure,31/07/2026,P - Contract Roads,PETER FITZPATRICK LTD,6272,"£63,855.72",BT34 5TJ
DFI,Department for Infrastructure,31/07/2026,P - Contract Roads,GREENTOWN ENVIRONMENTAL LTD,15474,"£55,112.44",BT92 1DE
DFI,Department for Infrastructure,31/07/2026,P - Contract Roads,HIGHWAY BARRIER SOLUTIONS LTD,SI_HBS000929,"£55,051.32",BT8 6SA
DFI,Department for Infrastructure,31/07/2026,P - Contract Roads,CONTRACT SERVICES DGN LTD,30130,"£49,394.87",BT71 6HR
DFI,Department for Infrastructure,31/07/2026,C - Contract Other Services,FP MCCANN LTD,67588,"£41,974.16",BT45 8QA
DFI,Department for Infrastructure,31/07/2026,Fixed Asset Clearing Account,GAIST SOLUTIONS LIMITED,12406,"£34,625.24",BD23 2TZ
DFI,Department for Infrastructure,31/07/2026,P - Contract Roads,NORTHERN ROAD MARKINGS LTD,17421,"£34,325.98",BT51 5TE
DFI,Department for Infrastructure,31/07/2026,P - Contract Roads,CONTRACT SERVICES DGN LTD,29820,"£31,688.17",BT71 6HR
DFI,Department for Infrastructure,31/07/2026,P - Contract Roads,CONTRACT SERVICES DGN LTD,30129,"£26,426.10",BT71 6HR
DFI,Department for Infrastructure,31/07/2026,C - Contract Other Services,PETER FITZPATRICK LTD,6272,"£19,736.38",BT34 5TJ
